<?xml version="1.0" encoding="UTF-8"?>
<metadata xml:lang="en"><Esri><CreaDate>20161229</CreaDate><CreaTime>14413700</CreaTime><ArcGISFormat>1.0</ArcGISFormat><SyncOnce>FALSE</SyncOnce><DataProperties><itemProps><itemName Sync="TRUE">Cell</itemName><imsContentType Sync="TRUE" export="False">002</imsContentType><itemSize Sync="TRUE">18.971</itemSize><itemLocation><linkage Sync="TRUE">file://\\Gost-cifs\GOST\AFRICA\RWA\ADMIN\Cell</linkage><protocol Sync="TRUE">Local Area Network</protocol></itemLocation><nativeExtBox><westBL Sync="TRUE">373414.887900</westBL><eastBL Sync="TRUE">600088.034400</eastBL><southBL Sync="TRUE">4685953.434500</southBL><northBL Sync="TRUE">4884218.194000</northBL><exTypeCode Sync="TRUE">1</exTypeCode></nativeExtBox></itemProps><coordRef><type Sync="TRUE">Projected</type><geogcsn Sync="TRUE">GCS_ITRF_2005</geogcsn><csUnits Sync="TRUE">Linear Unit: Meter (1.000000)</csUnits><peXml Sync="TRUE">&lt;ProjectedCoordinateSystem xsi:type='typens:ProjectedCoordinateSystem' xmlns:xsi='http://www.w3.org/2001/XMLSchema-instance' xmlns:xs='http://www.w3.org/2001/XMLSchema' xmlns:typens='http://www.esri.com/schemas/ArcGIS/10.3'&gt;&lt;WKT&gt;PROJCS[&amp;quot;TM_Rwanda&amp;quot;,GEOGCS[&amp;quot;GCS_ITRF_2005&amp;quot;,DATUM[&amp;quot;D_ITRF_2005&amp;quot;,SPHEROID[&amp;quot;GRS_1980&amp;quot;,6378137.0,298.257222101]],PRIMEM[&amp;quot;Greenwich&amp;quot;,0.0],UNIT[&amp;quot;Degree&amp;quot;,0.0174532925199433]],PROJECTION[&amp;quot;Transverse_Mercator&amp;quot;],PARAMETER[&amp;quot;False_Easting&amp;quot;,500000.0],PARAMETER[&amp;quot;False_Northing&amp;quot;,5000000.0],PARAMETER[&amp;quot;Central_Meridian&amp;quot;,30.0],PARAMETER[&amp;quot;Scale_Factor&amp;quot;,0.9999],PARAMETER[&amp;quot;Latitude_Of_Origin&amp;quot;,0.0],UNIT[&amp;quot;Meter&amp;quot;,1.0]]&lt;/WKT&gt;&lt;XOrigin&gt;-5122600&lt;/XOrigin&gt;&lt;YOrigin&gt;-5001100&lt;/YOrigin&gt;&lt;XYScale&gt;450310428.58990461&lt;/XYScale&gt;&lt;ZOrigin&gt;-100000&lt;/ZOrigin&gt;&lt;ZScale&gt;10000&lt;/ZScale&gt;&lt;MOrigin&gt;-100000&lt;/MOrigin&gt;&lt;MScale&gt;10000&lt;/MScale&gt;&lt;XYTolerance&gt;0.001&lt;/XYTolerance&gt;&lt;ZTolerance&gt;0.001&lt;/ZTolerance&gt;&lt;MTolerance&gt;0.001&lt;/MTolerance&gt;&lt;HighPrecision&gt;true&lt;/HighPrecision&gt;&lt;/ProjectedCoordinateSystem&gt;</peXml><projcsn Sync="TRUE">TM_Rwanda</projcsn></coordRef><lineage><Process ToolSource="c:\program files\arcgis\desktop10.1\ArcToolbox\Toolboxes\Conversion Tools.tbx\FeatureClassToFeatureClass" Date="20140710" Time="163243" Name="" export="">FeatureClassToFeatureClass "G:\Carto_Shared\Work to be done\Publication\Geodatabase.gdb\Cell_boundary_fin_1" "G:\Carto_Shared\Work to be done\Publication\Shapefile\ITRF_2005" Cell_Boundary_2012.shp # "Prov_ID "Prov_ID" true true false 8 Double 0 0 ,First,#,G:\Carto_Shared\Work to be done\Publication\Geodatabase.gdb\Cell_boundary_fin_1,Prov_ID,-1,-1;Province "Province" true true false 255 Text 0 0 ,First,#,G:\Carto_Shared\Work to be done\Publication\Geodatabase.gdb\Cell_boundary_fin_1,Province,-1,-1;Dist_ID "Dist_ID" true true false 8 Double 0 0 ,First,#,G:\Carto_Shared\Work to be done\Publication\Geodatabase.gdb\Cell_boundary_fin_1,Dist_ID,-1,-1;District "District" true true false 255 Text 0 0 ,First,#,G:\Carto_Shared\Work to be done\Publication\Geodatabase.gdb\Cell_boundary_fin_1,District,-1,-1;Sect_ID "Sect_ID" true true false 8 Double 0 0 ,First,#,G:\Carto_Shared\Work to be done\Publication\Geodatabase.gdb\Cell_boundary_fin_1,Sect_ID,-1,-1;Sector "Sector" true true false 255 Text 0 0 ,First,#,G:\Carto_Shared\Work to be done\Publication\Geodatabase.gdb\Cell_boundary_fin_1,Sector,-1,-1;Cell_ID "Cell_ID" true true false 8 Double 0 0 ,First,#,G:\Carto_Shared\Work to be done\Publication\Geodatabase.gdb\Cell_boundary_fin_1,Cell_ID,-1,-1;Population "Population" true true false 8 Double 0 0 ,First,#,G:\Carto_Shared\Work to be done\Publication\Geodatabase.gdb\Cell_boundary_fin_1,Population,-1,-1;Household "Household" true true false 8 Double 0 0 ,First,#,G:\Carto_Shared\Work to be done\Publication\Geodatabase.gdb\Cell_boundary_fin_1,Household,-1,-1;District_I "District_ID" true true false 2 Short 0 0 ,First,#,G:\Carto_Shared\Work to be done\Publication\Geodatabase.gdb\Cell_boundary_fin_1,District_ID,-1,-1;Sect_ID1 "Sect_ID1" true true false 2 Short 0 0 ,First,#,G:\Carto_Shared\Work to be done\Publication\Geodatabase.gdb\Cell_boundary_fin_1,Sect_ID1,-1,-1;Sect_ID2 "Sect_ID2" true true false 2 Short 0 0 ,First,#,G:\Carto_Shared\Work to be done\Publication\Geodatabase.gdb\Cell_boundary_fin_1,Sect_ID2,-1,-1;Cell_ID1 "Cell_ID1" true true false 2 Short 0 0 ,First,#,G:\Carto_Shared\Work to be done\Publication\Geodatabase.gdb\Cell_boundary_fin_1,Cell_ID1,-1,-1;Cell_ID2 "Cell_ID2" true true false 2 Short 0 0 ,First,#,G:\Carto_Shared\Work to be done\Publication\Geodatabase.gdb\Cell_boundary_fin_1,Cell_ID2,-1,-1;Sect_Name "Sect_Name" true true false 100 Text 0 0 ,First,#,G:\Carto_Shared\Work to be done\Publication\Geodatabase.gdb\Cell_boundary_fin_1,Sect_Name,-1,-1;Shape_Leng "Shape_Leng" false true true 8 Double 0 0 ,First,#,G:\Carto_Shared\Work to be done\Publication\Geodatabase.gdb\Cell_boundary_fin_1,Shape_Length,-1,-1;Shape_Area "Shape_Area" false true true 8 Double 0 0 ,First,#,G:\Carto_Shared\Work to be done\Publication\Geodatabase.gdb\Cell_boundary_fin_1,Shape_Area,-1,-1" #</Process><Process ToolSource="c:\program files\arcgis\desktop10.1\ArcToolbox\Toolboxes\Data Management Tools.tbx\DeleteField" Date="20140710" Time="163325" Name="" export="">DeleteField Cell_Boundary_2012 District_I;Sect_ID1;Sect_ID2;Cell_ID1;Cell_ID2;Sect_Name;Shape_Leng;Shape_Area</Process><Process ToolSource="c:\program files\arcgis\desktop10.1\ArcToolbox\Toolboxes\Data Management Tools.tbx\DeleteField" Date="20140710" Time="163549" Name="" export="">DeleteField Cell_Boundary_2012 Population;Household</Process><Process ToolSource="c:\program files\arcgis\desktop10.1\ArcToolbox\Toolboxes\Data Management Tools.tbx\CalculateField" Date="20140711" Time="132812">CalculateField Cell_Boundary_2012 Sector !Sector!.capitalize() PYTHON_9.3 #</Process><Process ToolSource="c:\program files\arcgis\desktop10.1\ArcToolbox\Toolboxes\Data Management Tools.tbx\CalculateField" Date="20140711" Time="132829">CalculateField Cell_Boundary_2012 Cell !Cell!.capitalize() PYTHON_9.3 #</Process><Process ToolSource="C:\Program Files (x86)\ArcGIS\Desktop10.0\ArcToolbox\Toolboxes\Data Management Tools.tbx\CalculateField" Date="20140813" Time="105147">CalculateField Cell Name [Cell] VB #</Process></lineage><copyHistory><copy source="S:\COUNTRY\RWA\ADMIN\Admin_from_RNRA\Cell" dest="\\Gost-cifs\GOST\AFRICA\RWA\ADMIN\Cell" date="20161229" time="14413700"></copy></copyHistory></DataProperties><SyncDate>20161026</SyncDate><SyncTime>16232500</SyncTime><ModDate>20161026</ModDate><ModTime>16232500</ModTime><scaleRange><minScale>5000000</minScale><maxScale>50000</maxScale></scaleRange><ArcGISProfile>FGDC</ArcGISProfile><ArcGISstyle>Item Description</ArcGISstyle></Esri><dataIdInfo><envirDesc Sync="TRUE">Microsoft Windows 7 Version 6.1 (Build 7601) Service Pack 1; Esri ArcGIS 10.3.0.4322</envirDesc><dataLang><languageCode value="eng" Sync="TRUE"/><countryCode value="USA" Sync="TRUE"/></dataLang><idCitation xmlns=""><resTitle Sync="TRUE">Cell</resTitle><presForm xmlns=""><PresFormCd value="" Sync="FALSE"/></presForm></idCitation><spatRpType><SpatRepTypCd value="001" Sync="TRUE"/></spatRpType><dataExt><geoEle xmlns=""><GeoBndBox esriExtentType="search"><exTypeCode Sync="TRUE">1</exTypeCode><westBL Sync="TRUE">28.861439</westBL><eastBL Sync="TRUE">30.900257</eastBL><northBL Sync="TRUE">-1.046991</northBL><southBL Sync="TRUE">-2.840402</southBL></GeoBndBox></geoEle></dataExt><idPurp>This shapefile was created while dividing the country into Enumeration Area for the 2012 Population and housing census. Then sector boundaries together with other administrative boundaries form the spatial sampling frame used for statistics study in National institute of Statistics of Rwanda

</idPurp><idAbs>&lt;DIV STYLE="text-align:Left;"&gt;&lt;DIV&gt;&lt;DIV&gt;&lt;P&gt;&lt;SPAN&gt;Cell boundary shapefile contains cell boundaries for Rwanda since 2006. The shapefile was created in 2006 and updated by the 2012 Census mapping. The census mapping started in 2011 and ended in 2012, where a team of 80 field staff collected census and administrative boundaries up to the lowest administrative level which is "Umudugudu". Boundaries were adjusted in the GIS lab using the 2008-2009 Orthophotos taken by the Rwanda Natural Resource Authority. Cell is one of administrative entity in Rwanda administration, they are under Sector authority. The total number of cells is two thousands one hundred forty eight (2148). &lt;/SPAN&gt;&lt;/P&gt;&lt;/DIV&gt;&lt;/DIV&gt;&lt;/DIV&gt;</idAbs><searchKeys><keyword>Rwanda</keyword><keyword>admin_boundary</keyword><keyword>District</keyword><keyword>sector</keyword><keyword>Cells</keyword></searchKeys><tpCat><TopicCatCd value="003"/></tpCat></dataIdInfo><mdLang><languageCode value="eng" Sync="TRUE"/><countryCode value="USA" Sync="TRUE"/></mdLang><mdChar><CharSetCd value="004" Sync="TRUE"/></mdChar><distInfo><distFormat><formatName Sync="TRUE">Shapefile</formatName></distFormat><distTranOps><transSize Sync="TRUE">18.971</transSize></distTranOps></distInfo><mdHrLv><ScopeCd value="005" Sync="TRUE"/></mdHrLv><mdHrLvName Sync="TRUE">dataset</mdHrLvName><refSysInfo><RefSystem><refSysID><identCode code="0" Sync="TRUE"/><idCodeSpace Sync="TRUE">EPSG</idCodeSpace><idVersion Sync="TRUE">7.11.2</idVersion></refSysID></RefSystem></refSysInfo><spatRepInfo><VectSpatRep><geometObjs Name="Cell"><geoObjTyp><GeoObjTypCd value="002" Sync="TRUE"></GeoObjTypCd></geoObjTyp><geoObjCnt Sync="TRUE">2148</geoObjCnt></geometObjs><topLvl><TopoLevCd value="001" Sync="TRUE"></TopoLevCd></topLvl></VectSpatRep></spatRepInfo><spdoinfo><ptvctinf><esriterm Name="Cell"><efeatyp Sync="TRUE">Simple</efeatyp><efeageom code="4" Sync="TRUE"></efeageom><esritopo Sync="TRUE">FALSE</esritopo><efeacnt Sync="TRUE">2148</efeacnt><spindex Sync="TRUE">FALSE</spindex><linrefer Sync="TRUE">FALSE</linrefer></esriterm></ptvctinf></spdoinfo><eainfo><detailed Name="Cell"><enttyp><enttypl Sync="TRUE">Cell</enttypl><enttypt Sync="TRUE">Feature Class</enttypt><enttypc Sync="TRUE">2148</enttypc></enttyp><attr><attrlabl Sync="TRUE">FID</attrlabl><attalias Sync="TRUE">FID</attalias><attrtype Sync="TRUE">OID</attrtype><attwidth Sync="TRUE">4</attwidth><atprecis Sync="TRUE">0</atprecis><attscale Sync="TRUE">0</attscale><attrdef Sync="TRUE">Internal feature number.</attrdef><attrdefs Sync="TRUE">Esri</attrdefs><attrdomv><udom Sync="TRUE">Sequential unique whole numbers that are automatically generated.</udom></attrdomv></attr><attr><attrlabl Sync="TRUE">Shape</attrlabl><attalias Sync="TRUE">Shape</attalias><attrtype Sync="TRUE">Geometry</attrtype><attwidth Sync="TRUE">0</attwidth><atprecis Sync="TRUE">0</atprecis><attscale Sync="TRUE">0</attscale><attrdef Sync="TRUE">Feature geometry.</attrdef><attrdefs Sync="TRUE">Esri</attrdefs><attrdomv><udom Sync="TRUE">Coordinates defining the features.</udom></attrdomv></attr><attr><attrlabl Sync="TRUE">Prov_ID</attrlabl><attalias Sync="TRUE">Prov_ID</attalias><attrtype Sync="TRUE">Double</attrtype><attwidth Sync="TRUE">19</attwidth><atprecis Sync="TRUE">0</atprecis><attscale Sync="TRUE">0</attscale></attr><attr><attrlabl Sync="TRUE">Province</attrlabl><attalias Sync="TRUE">Province</attalias><attrtype Sync="TRUE">String</attrtype><attwidth Sync="TRUE">254</attwidth><atprecis Sync="TRUE">0</atprecis><attscale Sync="TRUE">0</attscale></attr><attr><attrlabl Sync="TRUE">Dist_ID</attrlabl><attalias Sync="TRUE">Dist_ID</attalias><attrtype Sync="TRUE">Double</attrtype><attwidth Sync="TRUE">19</attwidth><atprecis Sync="TRUE">0</atprecis><attscale Sync="TRUE">0</attscale></attr><attr><attrlabl Sync="TRUE">District</attrlabl><attalias Sync="TRUE">District</attalias><attrtype Sync="TRUE">String</attrtype><attwidth Sync="TRUE">254</attwidth><atprecis Sync="TRUE">0</atprecis><attscale Sync="TRUE">0</attscale></attr><attr><attrlabl Sync="TRUE">Sect_ID</attrlabl><attalias Sync="TRUE">Sect_ID</attalias><attrtype Sync="TRUE">Double</attrtype><attwidth Sync="TRUE">19</attwidth><atprecis Sync="TRUE">0</atprecis><attscale Sync="TRUE">0</attscale></attr><attr><attrlabl Sync="TRUE">Sector</attrlabl><attalias Sync="TRUE">Sector</attalias><attrtype Sync="TRUE">String</attrtype><attwidth Sync="TRUE">254</attwidth><atprecis Sync="TRUE">0</atprecis><attscale Sync="TRUE">0</attscale></attr><attr><attrlabl Sync="TRUE">Cell_ID</attrlabl><attalias Sync="TRUE">Cell_ID</attalias><attrtype Sync="TRUE">Double</attrtype><attwidth Sync="TRUE">19</attwidth><atprecis Sync="TRUE">0</atprecis><attscale Sync="TRUE">0</attscale></attr><attr><attrlabl Sync="TRUE">Name</attrlabl><attalias Sync="TRUE">Name</attalias><attrtype Sync="TRUE">String</attrtype><attwidth Sync="TRUE">50</attwidth><atprecis Sync="TRUE">0</atprecis><attscale Sync="TRUE">0</attscale></attr></detailed></eainfo><mdDateSt Sync="TRUE">20161026</mdDateSt><mdMaint xmlns=""><maintFreq><MaintFreqCd value="001"></MaintFreqCd></maintFreq></mdMaint></metadata>
